{
	"kq0sdk3fmptttq7r": {
		"definition": "speed_rush",
		"x": 0,
		"y": -160,
		"root": false
	},
	"g1t8jprgug4vpc8w": {
		"definition": "newbie",
		"x": 0,
		"y": -256,
		"root": false
	},
	"korpjmxd6r0xxp25": {
		"definition": "super+jump",
		"x": -64,
		"y": -32,
		"root": false
	},
	"apu6lzt2qopccjmr": {
		"definition": "fast+swim",
		"x": 64,
		"y": -32,
		"root": false
	},
	"s9bzr9vw9fcg4l5z": {
		"definition": "movement_speed+5%",
		"x": 64,
		"y": -96,
		"root": false
	},
	"prh9ugho0r18vqsr": {
		"definition": "jump+5%",
		"x": -64,
		"y": -96,
		"root": false
	}
}